Name,Published,Updated
auxiliary/server/openssl_altchainsforgery_mitm_proxy,2015-07-16,2020-05-30
auxiliary/server/jsse_skiptls_mitm_proxy,2015-06-09,2020-05-30
auxiliary/server/dhclient_bash_env,2014-09-26,2021-01-28
auxiliary/admin/http/katello_satellite_priv_esc,2014-03-25,2017-07-24
exploit/linux/http/cfme_manageiq_evm_upload_exec,2013-12-09,2017-07-24
auxiliary/admin/http/cfme_manageiq_evm_pass_reset,2013-12-09,2017-07-24
auxiliary/admin/http/foreman_openstack_satellite_priv_esc,2013-07-22,2017-07-24
exploit/linux/http/foreman_openstack_satellite_code_exec,2013-07-16,2017-07-24
auxiliary/scanner/snmp/aix_version,2009-07-28,2017-07-24
exploit/aix/rpc_ttdbserverd_realpath,2009-06-23,2020-10-02
payload/aix/ppc/shell_reverse_tcp,2008-11-13,2021-01-05
payload/aix/ppc/shell_find_port,2008-11-13,2021-01-05
payload/aix/ppc/shell_bind_tcp,2008-11-13,2021-01-05
payload/linux/ppc64/shell_reverse_tcp,2008-11-13,2021-01-05
payload/linux/ppc64/shell_find_port,2008-11-13,2021-01-05
payload/linux/ppc64/shell_bind_tcp,2008-11-13,2021-01-05
payload/linux/ppc/shell_reverse_tcp,2008-11-13,2021-01-05
payload/linux/ppc/shell_find_port,2008-11-13,2021-01-05
payload/linux/ppc/shell_bind_tcp,2008-11-13,2021-01-05
exploit/linux/samba/lsa_transnames_heap,2008-10-19,2020-10-02
payload/linux/x86/shell_reverse_tcp,2008-10-19,2021-01-05
payload/linux/x86/shell_find_port,2008-10-19,2021-01-05
exploit/solaris/sunrpc/sadmind_adm_build_path,2008-10-14,2020-10-02
auxiliary/scanner/misc/ib_service_mgr_info,2007-10-04,2017-07-24
exploit/windows/misc/ib_svc_attach,2007-10-04,2020-10-02
exploit/windows/misc/ib_isc_create_database,2007-10-04,2020-10-02
exploit/windows/misc/ib_isc_attach_database,2007-10-04,2020-10-02
exploit/windows/misc/fb_svc_attach,2007-10-04,2020-10-02
exploit/windows/misc/fb_isc_create_database,2007-10-04,2020-10-02
exploit/windows/misc/fb_isc_attach_database,2007-10-04,2020-10-02
exploit/linux/misc/ib_pwd_db_aliased,2007-10-04,2020-10-02
exploit/linux/misc/ib_open_marker_file,2007-10-04,2020-10-02
exploit/linux/misc/ib_jrd8_create_database,2007-10-04,2020-10-02
exploit/linux/misc/ib_inet_connect,2007-10-04,2020-10-02
payload/linux/x86/shell_bind_tcp,2007-07-31,2021-01-05
payload/bsd/x86/shell_reverse_tcp,2007-07-11,2021-01-05
payload/bsd/x86/shell_find_port,2007-07-11,2021-01-05
payload/bsd/x86/shell_bind_tcp,2007-07-11,2021-01-05
exploit/solaris/samba/lsa_transnames_heap,2007-07-08,2020-10-02
payload/solaris/x86/shell_reverse_tcp,2007-07-08,2021-01-05
payload/solaris/x86/shell_find_port,2007-07-08,2021-01-05
payload/solaris/x86/shell_bind_tcp,2007-07-08,2021-01-05
payload/osx/x86/shell_reverse_tcp,2007-07-05,2021-01-05
payload/osx/x86/shell_find_port,2007-07-05,2021-01-05
exploit/osx/samba/lsa_transnames_heap,2007-07-05,2020-10-02
payload/osx/x86/shell_bind_tcp,2007-07-05,2021-01-05
